{"__meta":{"schema_version":3,"schema_name":"GBMModelV3","schema_type":"GBMModel"},"model_id":{"__meta":{"schema_version":3,"schema_name":"ModelKeyV3","schema_type":"Key<Model>"},"name":"grid-ba7754d4-6682-4d3b-9283-846b4ea90764_model_17","type":"Key<Model>","URL":"/3/Models/grid-ba7754d4-6682-4d3b-9283-846b4ea90764_model_17"},"algo":"gbm","algo_full_name":"Gradient Boosting Machine","response_column_name":"state","data_frame":{"__meta":{"schema_version":3,"schema_name":"FrameKeyV3","schema_type":"Key<Frame>"},"name":"frame_0.750","type":"Key<Frame>","URL":"/3/Frames/frame_0.750"},"timestamp":1585707621950,"have_pojo":true,"have_mojo":true,"algo":"gbm","algo_full_name":"Gradient Boosting Machine","model_id":{"__meta":{"schema_version":3,"schema_name":"ModelKeyV3","schema_type":"Key<Model>"},"name":"grid-ba7754d4-6682-4d3b-9283-846b4ea90764_model_17","type":"Key<Model>","URL":"/3/Models/grid-ba7754d4-6682-4d3b-9283-846b4ea90764_model_17"},"parameters":[{"__meta":{"schema_version":3,"schema_name":"ModelParameterSchemaV3","schema_type":"Iced"},"name":"model_id","label":"model_id","help":"Destination id for this model; auto-generated if not specified.","required":false,"type":"Key<Model>","default_value":null,"actual_value":{"__meta":{"schema_version":3,"schema_name":"ModelKeyV3","schema_type":"Key<Model>"},"name":"grid-ba7754d4-6682-4d3b-9283-846b4ea90764_model_17","type":"Key<Model>","URL":"/3/Models/grid-ba7754d4-6682-4d3b-9283-846b4ea90764_model_17"},"level":"critical","values":[],"is_member_of_frames":[],"is_mutually_exclusive_with":[],"gridable":false},{"__meta":{"schema_version":3,"schema_name":"ModelParameterSchemaV3","schema_type":"Iced"},"name":"training_frame","label":"training_frame","help":"Id of the training data frame.","required":false,"type":"Key<Frame>","default_value":null,"actual_value":{"__meta":{"schema_version":3,"schema_name":"FrameKeyV3","schema_type":"Key<Frame>"},"name":"frame_0.750","type":"Key<Frame>","URL":"/3/Frames/frame_0.750"},"level":"critical","values":[],"is_member_of_frames":[],"is_mutually_exclusive_with":[],"gridable":false},{"__meta":{"schema_version":3,"schema_name":"ModelParameterSchemaV3","schema_type":"Iced"},"name":"validation_frame","label":"validation_frame","help":"Id of the validation data frame.","required":false,"type":"Key<Frame>","default_value":null,"actual_value":{"__meta":{"schema_version":3,"schema_name":"FrameKeyV3","schema_type":"Key<Frame>"},"name":"frame_0.250","type":"Key<Frame>","URL":"/3/Frames/frame_0.250"},"level":"critical","values":[],"is_member_of_frames":[],"is_mutually_exclusive_with":[],"gridable":true},{"__meta":{"schema_version":3,"schema_name":"ModelParameterSchemaV3","schema_type":"Iced"},"name":"nfolds","label":"nfolds","help":"Number of folds for K-fold cross-validation (0 to disable or >= 2).","required":false,"type":"int","default_value":0,"actual_value":0,"level":"critical","values":[],"is_member_of_frames":[],"is_mutually_exclusive_with":[],"gridable":false},{"__meta":{"schema_version":3,"schema_name":"ModelParameterSchemaV3","schema_type":"Iced"},"name":"keep_cross_validation_models","label":"keep_cross_validation_models","help":"Whether to keep the cross-validation models.","required":false,"type":"boolean","default_value":true,"actual_value":true,"level":"expert","values":[],"is_member_of_frames":[],"is_mutually_exclusive_with":[],"gridable":false},{"__meta":{"schema_version":3,"schema_name":"ModelParameterSchemaV3","schema_type":"Iced"},"name":"keep_cross_validation_predictions","label":"keep_cross_validation_predictions","help":"Whether to keep the predictions of the cross-validation models.","required":false,"type":"boolean","default_value":false,"actual_value":false,"level":"expert","values":[],"is_member_of_frames":[],"is_mutually_exclusive_with":[],"gridable":false},{"__meta":{"schema_version":3,"schema_name":"ModelParameterSchemaV3","schema_type":"Iced"},"name":"keep_cross_validation_fold_assignment","label":"keep_cross_validation_fold_assignment","help":"Whether to keep the cross-validation fold assignment.","required":false,"type":"boolean","default_value":false,"actual_value":false,"level":"expert","values":[],"is_member_of_frames":[],"is_mutually_exclusive_with":[],"gridable":false},{"__meta":{"schema_version":3,"schema_name":"ModelParameterSchemaV3","schema_type":"Iced"},"name":"score_each_iteration","label":"score_each_iteration","help":"Whether to score during each iteration of model training.","required":false,"type":"boolean","default_value":false,"actual_value":false,"level":"secondary","values":[],"is_member_of_frames":[],"is_mutually_exclusive_with":[],"gridable":false},{"__meta":{"schema_version":3,"schema_name":"ModelParameterSchemaV3","schema_type":"Iced"},"name":"score_tree_interval","label":"score_tree_interval","help":"Score the model after every so many trees. Disabled if set to 0.","required":false,"type":"int","default_value":0,"actual_value":0,"level":"secondary","values":[],"is_member_of_frames":[],"is_mutually_exclusive_with":[],"gridable":false},{"__meta":{"schema_version":3,"schema_name":"ModelParameterSchemaV3","schema_type":"Iced"},"name":"fold_assignment","label":"fold_assignment","help":"Cross-validation fold assignment scheme, if fold_column is not specified. The 'Stratified' option will stratify the folds based on the response variable, for classification problems.","required":false,"type":"enum","default_value":"AUTO","actual_value":"AUTO","level":"secondary","values":["AUTO","Random","Modulo","Stratified"],"is_member_of_frames":[],"is_mutually_exclusive_with":[],"gridable":true},{"__meta":{"schema_version":3,"schema_name":"ModelParameterSchemaV3","schema_type":"Iced"},"name":"fold_column","label":"fold_column","help":"Column with cross-validation fold index assignment per observation.","required":false,"type":"VecSpecifier","default_value":null,"actual_value":null,"level":"secondary","values":[],"is_member_of_frames":["training_frame"],"is_mutually_exclusive_with":["response_column","weights_column","ignored_columns","offset_column"],"gridable":true},{"__meta":{"schema_version":3,"schema_name":"ModelParameterSchemaV3","schema_type":"Iced"},"name":"response_column","label":"response_column","help":"Response variable column.","required":false,"type":"VecSpecifier","default_value":null,"actual_value":{"__meta":{"schema_version":3,"schema_name":"ColSpecifierV3","schema_type":"VecSpecifier"},"column_name":"state","is_member_of_frames":null},"level":"critical","values":[],"is_member_of_frames":["training_frame","validation_frame"],"is_mutually_exclusive_with":["weights_column","ignored_columns","offset_column","fold_column"],"gridable":true},{"__meta":{"schema_version":3,"schema_name":"ModelParameterSchemaV3","schema_type":"Iced"},"name":"ignored_columns","label":"ignored_columns","help":"Names of columns to ignore for training.","required":false,"type":"string[]","default_value":null,"actual_value":["id"],"level":"critical","values":[],"is_member_of_frames":["training_frame","validation_frame"],"is_mutually_exclusive_with":["response_column","weights_column","offset_column","fold_column"],"gridable":false},{"__meta":{"schema_version":3,"schema_name":"ModelParameterSchemaV3","schema_type":"Iced"},"name":"ignore_const_cols","label":"ignore_const_cols","help":"Ignore constant columns.","required":false,"type":"boolean","default_value":true,"actual_value":true,"level":"critical","values":[],"is_member_of_frames":[],"is_mutually_exclusive_with":[],"gridable":false},{"__meta":{"schema_version":3,"schema_name":"ModelParameterSchemaV3","schema_type":"Iced"},"name":"offset_column","label":"offset_column","help":"Offset column. This will be added to the combination of columns before applying the link function.","required":false,"type":"VecSpecifier","default_value":null,"actual_value":null,"level":"secondary","values":[],"is_member_of_frames":["training_frame","validation_frame"],"is_mutually_exclusive_with":["response_column","weights_column","ignored_columns","fold_column"],"gridable":true},{"__meta":{"schema_version":3,"schema_name":"ModelParameterSchemaV3","schema_type":"Iced"},"name":"weights_column","label":"weights_column","help":"Column with observation weights. Giving some observation a weight of zero is equivalent to excluding it from the dataset; giving an observation a relative weight of 2 is equivalent to repeating that row twice. Negative weights are not allowed. Note: Weights are per-row observation weights and do not increase the size of the data frame. This is typically the number of times a row is repeated, but non-integer values are supported as well. During training, rows with higher weights matter more, due to the larger loss function pre-factor.","required":false,"type":"VecSpecifier","default_value":null,"actual_value":null,"level":"secondary","values":[],"is_member_of_frames":["training_frame","validation_frame"],"is_mutually_exclusive_with":["response_column","ignored_columns","offset_column","fold_column"],"gridable":true},{"__meta":{"schema_version":3,"schema_name":"ModelParameterSchemaV3","schema_type":"Iced"},"name":"balance_classes","label":"balance_classes","help":"Balance training data class counts via over/under-sampling (for imbalanced data).","required":false,"type":"boolean","default_value":false,"actual_value":false,"level":"secondary","values":[],"is_member_of_frames":[],"is_mutually_exclusive_with":[],"gridable":true},{"__meta":{"schema_version":3,"schema_name":"ModelParameterSchemaV3","schema_type":"Iced"},"name":"class_sampling_factors","label":"class_sampling_factors","help":"Desired over/under-sampling ratios per class (in lexicographic order). If not specified, sampling factors will be automatically computed to obtain class balance during training. Requires balance_classes.","required":false,"type":"float[]","default_value":null,"actual_value":null,"level":"expert","values":[],"is_member_of_frames":[],"is_mutually_exclusive_with":[],"gridable":true},{"__meta":{"schema_version":3,"schema_name":"ModelParameterSchemaV3","schema_type":"Iced"},"name":"max_after_balance_size","label":"max_after_balance_size","help":"Maximum relative size of the training data after balancing class counts (can be less than 1.0). Requires balance_classes.","required":false,"type":"float","default_value":5.0,"actual_value":5.0,"level":"expert","values":[],"is_member_of_frames":[],"is_mutually_exclusive_with":[],"gridable":true},{"__meta":{"schema_version":3,"schema_name":"ModelParameterSchemaV3","schema_type":"Iced"},"name":"max_confusion_matrix_size","label":"max_confusion_matrix_size","help":"[Deprecated] Maximum size (# classes) for confusion matrices to be printed in the Logs","required":false,"type":"int","default_value":20,"actual_value":20,"level":"secondary","values":[],"is_member_of_frames":[],"is_mutually_exclusive_with":[],"gridable":false},{"__meta":{"schema_version":3,"schema_name":"ModelParameterSchemaV3","schema_type":"Iced"},"name":"max_hit_ratio_k","label":"max_hit_ratio_k","help":"Max. number (top K) of predictions to use for hit ratio computation (for multi-class only, 0 to disable)","required":false,"type":"int","default_value":0,"actual_value":0,"level":"secondary","values":[],"is_member_of_frames":[],"is_mutually_exclusive_with":[],"gridable":false},{"__meta":{"schema_version":3,"schema_name":"ModelParameterSchemaV3","schema_type":"Iced"},"name":"ntrees","label":"ntrees","help":"Number of trees.","required":false,"type":"int","default_value":50,"actual_value":75,"level":"critical","values":[],"is_member_of_frames":[],"is_mutually_exclusive_with":[],"gridable":true},{"__meta":{"schema_version":3,"schema_name":"ModelParameterSchemaV3","schema_type":"Iced"},"name":"max_depth","label":"max_depth","help":"Maximum tree depth.","required":false,"type":"int","default_value":5,"actual_value":5,"level":"critical","values":[],"is_member_of_frames":[],"is_mutually_exclusive_with":[],"gridable":true},{"__meta":{"schema_version":3,"schema_name":"ModelParameterSchemaV3","schema_type":"Iced"},"name":"min_rows","label":"min_rows","help":"Fewest allowed (weighted) observations in a leaf.","required":false,"type":"double","default_value":10.0,"actual_value":10.0,"level":"critical","values":[],"is_member_of_frames":[],"is_mutually_exclusive_with":[],"gridable":true},{"__meta":{"schema_version":3,"schema_name":"ModelParameterSchemaV3","schema_type":"Iced"},"name":"nbins","label":"nbins","help":"For numerical columns (real/int), build a histogram of (at least) this many bins, then split at the best point","required":false,"type":"int","default_value":20,"actual_value":20,"level":"critical","values":[],"is_member_of_frames":[],"is_mutually_exclusive_with":[],"gridable":true},{"__meta":{"schema_version":3,"schema_name":"ModelParameterSchemaV3","schema_type":"Iced"},"name":"nbins_top_level","label":"nbins_top_level","help":"For numerical columns (real/int), build a histogram of (at most) this many bins at the root level, then decrease by factor of two per level","required":false,"type":"int","default_value":1024,"actual_value":1024,"level":"secondary","values":[],"is_member_of_frames":[],"is_mutually_exclusive_with":[],"gridable":true},{"__meta":{"schema_version":3,"schema_name":"ModelParameterSchemaV3","schema_type":"Iced"},"name":"nbins_cats","label":"nbins_cats","help":"For categorical columns (factors), build a histogram of this many bins, then split at the best point. Higher values can lead to more overfitting.","required":false,"type":"int","default_value":1024,"actual_value":1024,"level":"secondary","values":[],"is_member_of_frames":[],"is_mutually_exclusive_with":[],"gridable":true},{"__meta":{"schema_version":3,"schema_name":"ModelParameterSchemaV3","schema_type":"Iced"},"name":"r2_stopping","label":"r2_stopping","help":"r2_stopping is no longer supported and will be ignored if set - please use stopping_rounds, stopping_metric and stopping_tolerance instead. Previous version of H2O would stop making trees when the R^2 metric equals or exceeds this","required":false,"type":"double","default_value":1.7976931348623157E308,"actual_value":1.7976931348623157E308,"level":"secondary","values":[],"is_member_of_frames":[],"is_mutually_exclusive_with":[],"gridable":true},{"__meta":{"schema_version":3,"schema_name":"ModelParameterSchemaV3","schema_type":"Iced"},"name":"stopping_rounds","label":"stopping_rounds","help":"Early stopping based on convergence of stopping_metric. Stop if simple moving average of length k of the stopping_metric does not improve for k:=stopping_rounds scoring events (0 to disable)","required":false,"type":"int","default_value":0,"actual_value":0,"level":"secondary","values":[],"is_member_of_frames":[],"is_mutually_exclusive_with":[],"gridable":true},{"__meta":{"schema_version":3,"schema_name":"ModelParameterSchemaV3","schema_type":"Iced"},"name":"stopping_metric","label":"stopping_metric","help":"Metric to use for early stopping (AUTO: logloss for classification, deviance for regression). Note that custom and custom_increasing can only be used in GBM and DRF with the Python client.","required":false,"type":"enum","default_value":"AUTO","actual_value":"AUTO","level":"secondary","values":["AUTO","deviance","logloss","MSE","RMSE","MAE","RMSLE","AUC","lift_top_group","misclassification","mean_per_class_error","custom","custom_increasing"],"is_member_of_frames":[],"is_mutually_exclusive_with":[],"gridable":true},{"__meta":{"schema_version":3,"schema_name":"ModelParameterSchemaV3","schema_type":"Iced"},"name":"stopping_tolerance","label":"stopping_tolerance","help":"Relative tolerance for metric-based stopping criterion (stop if relative improvement is not at least this much)","required":false,"type":"double","default_value":0.001,"actual_value":0.001,"level":"secondary","values":[],"is_member_of_frames":[],"is_mutually_exclusive_with":[],"gridable":true},{"__meta":{"schema_version":3,"schema_name":"ModelParameterSchemaV3","schema_type":"Iced"},"name":"max_runtime_secs","label":"max_runtime_secs","help":"Maximum allowed runtime in seconds for model training. Use 0 to disable.","required":false,"type":"double","default_value":0.0,"actual_value":44.869,"level":"secondary","values":[],"is_member_of_frames":[],"is_mutually_exclusive_with":[],"gridable":true},{"__meta":{"schema_version":3,"schema_name":"ModelParameterSchemaV3","schema_type":"Iced"},"name":"seed","label":"seed","help":"Seed for pseudo random number generator (if applicable)","required":false,"type":"long","default_value":-1,"actual_value":-8821663412349198663,"level":"critical","values":[],"is_member_of_frames":[],"is_mutually_exclusive_with":[],"gridable":true},{"__meta":{"schema_version":3,"schema_name":"ModelParameterSchemaV3","schema_type":"Iced"},"name":"build_tree_one_node","label":"build_tree_one_node","help":"Run on one node only; no network overhead but fewer cpus used.  Suitable for small datasets.","required":false,"type":"boolean","default_value":false,"actual_value":false,"level":"expert","values":[],"is_member_of_frames":[],"is_mutually_exclusive_with":[],"gridable":false},{"__meta":{"schema_version":3,"schema_name":"ModelParameterSchemaV3","schema_type":"Iced"},"name":"learn_rate","label":"learn_rate","help":"Learning rate (from 0.0 to 1.0)","required":false,"type":"double","default_value":0.1,"actual_value":0.1,"level":"critical","values":[],"is_member_of_frames":[],"is_mutually_exclusive_with":[],"gridable":true},{"__meta":{"schema_version":3,"schema_name":"ModelParameterSchemaV3","schema_type":"Iced"},"name":"learn_rate_annealing","label":"learn_rate_annealing","help":"Scale the learning rate by this factor after each tree (e.g., 0.99 or 0.999) ","required":false,"type":"double","default_value":1.0,"actual_value":1.0,"level":"secondary","values":[],"is_member_of_frames":[],"is_mutually_exclusive_with":[],"gridable":true},{"__meta":{"schema_version":3,"schema_name":"ModelParameterSchemaV3","schema_type":"Iced"},"name":"distribution","label":"distribution","help":"Distribution function","required":false,"type":"enum","default_value":"AUTO","actual_value":"multinomial","level":"secondary","values":["AUTO","bernoulli","quasibinomial","ordinal","multinomial","gaussian","poisson","gamma","tweedie","laplace","quantile","huber"],"is_member_of_frames":[],"is_mutually_exclusive_with":[],"gridable":true},{"__meta":{"schema_version":3,"schema_name":"ModelParameterSchemaV3","schema_type":"Iced"},"name":"quantile_alpha","label":"quantile_alpha","help":"Desired quantile for Quantile regression, must be between 0 and 1.","required":false,"type":"double","default_value":0.5,"actual_value":0.5,"level":"secondary","values":[],"is_member_of_frames":[],"is_mutually_exclusive_with":[],"gridable":true},{"__meta":{"schema_version":3,"schema_name":"ModelParameterSchemaV3","schema_type":"Iced"},"name":"tweedie_power","label":"tweedie_power","help":"Tweedie power for Tweedie regression, must be between 1 and 2.","required":false,"type":"double","default_value":1.5,"actual_value":1.5,"level":"secondary","values":[],"is_member_of_frames":[],"is_mutually_exclusive_with":[],"gridable":true},{"__meta":{"schema_version":3,"schema_name":"ModelParameterSchemaV3","schema_type":"Iced"},"name":"huber_alpha","label":"huber_alpha","help":"Desired quantile for Huber/M-regression (threshold between quadratic and linear loss, must be between 0 and 1).","required":false,"type":"double","default_value":0.9,"actual_value":0.9,"level":"secondary","values":[],"is_member_of_frames":[],"is_mutually_exclusive_with":[],"gridable":true},{"__meta":{"schema_version":3,"schema_name":"ModelParameterSchemaV3","schema_type":"Iced"},"name":"checkpoint","label":"checkpoint","help":"Model checkpoint to resume training with.","required":false,"type":"Key<Model>","default_value":null,"actual_value":null,"level":"secondary","values":[],"is_member_of_frames":[],"is_mutually_exclusive_with":[],"gridable":false},{"__meta":{"schema_version":3,"schema_name":"ModelParameterSchemaV3","schema_type":"Iced"},"name":"sample_rate","label":"sample_rate","help":"Row sample rate per tree (from 0.0 to 1.0)","required":false,"type":"double","default_value":1.0,"actual_value":0.8,"level":"critical","values":[],"is_member_of_frames":[],"is_mutually_exclusive_with":[],"gridable":true},{"__meta":{"schema_version":3,"schema_name":"ModelParameterSchemaV3","schema_type":"Iced"},"name":"sample_rate_per_class","label":"sample_rate_per_class","help":"A list of row sample rates per class (relative fraction for each class, from 0.0 to 1.0), for each tree","required":false,"type":"double[]","default_value":null,"actual_value":null,"level":"expert","values":[],"is_member_of_frames":[],"is_mutually_exclusive_with":[],"gridable":true},{"__meta":{"schema_version":3,"schema_name":"ModelParameterSchemaV3","schema_type":"Iced"},"name":"col_sample_rate","label":"col_sample_rate","help":"Column sample rate (from 0.0 to 1.0)","required":false,"type":"double","default_value":1.0,"actual_value":1.0,"level":"critical","values":[],"is_member_of_frames":[],"is_mutually_exclusive_with":[],"gridable":true},{"__meta":{"schema_version":3,"schema_name":"ModelParameterSchemaV3","schema_type":"Iced"},"name":"col_sample_rate_change_per_level","label":"col_sample_rate_change_per_level","help":"Relative change of the column sampling rate for every level (must be > 0.0 and <= 2.0)","required":false,"type":"double","default_value":1.0,"actual_value":1.0,"level":"expert","values":[],"is_member_of_frames":[],"is_mutually_exclusive_with":[],"gridable":true},{"__meta":{"schema_version":3,"schema_name":"ModelParameterSchemaV3","schema_type":"Iced"},"name":"col_sample_rate_per_tree","label":"col_sample_rate_per_tree","help":"Column sample rate per tree (from 0.0 to 1.0)","required":false,"type":"double","default_value":1.0,"actual_value":0.7,"level":"secondary","values":[],"is_member_of_frames":[],"is_mutually_exclusive_with":[],"gridable":true},{"__meta":{"schema_version":3,"schema_name":"ModelParameterSchemaV3","schema_type":"Iced"},"name":"min_split_improvement","label":"min_split_improvement","help":"Minimum relative improvement in squared error reduction for a split to happen","required":false,"type":"double","default_value":1.0E-5,"actual_value":1.0E-5,"level":"secondary","values":[],"is_member_of_frames":[],"is_mutually_exclusive_with":[],"gridable":true},{"__meta":{"schema_version":3,"schema_name":"ModelParameterSchemaV3","schema_type":"Iced"},"name":"histogram_type","label":"histogram_type","help":"What type of histogram to use for finding optimal split points","required":false,"type":"enum","default_value":"AUTO","actual_value":"AUTO","level":"secondary","values":["AUTO","UniformAdaptive","Random","QuantilesGlobal","RoundRobin"],"is_member_of_frames":[],"is_mutually_exclusive_with":[],"gridable":true},{"__meta":{"schema_version":3,"schema_name":"ModelParameterSchemaV3","schema_type":"Iced"},"name":"max_abs_leafnode_pred","label":"max_abs_leafnode_pred","help":"Maximum absolute value of a leaf node prediction","required":false,"type":"double","default_value":1.7976931348623157E308,"actual_value":1.7976931348623157E308,"level":"expert","values":[],"is_member_of_frames":[],"is_mutually_exclusive_with":[],"gridable":true},{"__meta":{"schema_version":3,"schema_name":"ModelParameterSchemaV3","schema_type":"Iced"},"name":"pred_noise_bandwidth","label":"pred_noise_bandwidth","help":"Bandwidth (sigma) of Gaussian multiplicative noise ~N(1,sigma) for tree node predictions","required":false,"type":"double","default_value":0.0,"actual_value":0.0,"level":"expert","values":[],"is_member_of_frames":[],"is_mutually_exclusive_with":[],"gridable":true},{"__meta":{"schema_version":3,"schema_name":"ModelParameterSchemaV3","schema_type":"Iced"},"name":"categorical_encoding","label":"categorical_encoding","help":"Encoding scheme for categorical features","required":false,"type":"enum","default_value":"AUTO","actual_value":"AUTO","level":"secondary","values":["AUTO","Enum","OneHotInternal","OneHotExplicit","Binary","Eigen","LabelEncoder","SortByResponse","EnumLimited"],"is_member_of_frames":[],"is_mutually_exclusive_with":[],"gridable":true},{"__meta":{"schema_version":3,"schema_name":"ModelParameterSchemaV3","schema_type":"Iced"},"name":"calibrate_model","label":"calibrate_model","help":"Use Platt Scaling to calculate calibrated class probabilities. Calibration can provide more accurate estimates of class probabilities.","required":false,"type":"boolean","default_value":false,"actual_value":false,"level":"expert","values":[],"is_member_of_frames":[],"is_mutually_exclusive_with":[],"gridable":false},{"__meta":{"schema_version":3,"schema_name":"ModelParameterSchemaV3","schema_type":"Iced"},"name":"calibration_frame","label":"calibration_frame","help":"Calibration frame for Platt Scaling","required":false,"type":"Key<Frame>","default_value":null,"actual_value":null,"level":"expert","values":[],"is_member_of_frames":[],"is_mutually_exclusive_with":[],"gridable":false},{"__meta":{"schema_version":3,"schema_name":"ModelParameterSchemaV3","schema_type":"Iced"},"name":"custom_metric_func","label":"custom_metric_func","help":"Reference to custom evaluation function, format: `language:keyName=funcName`","required":false,"type":"string","default_value":null,"actual_value":"","level":"secondary","values":[],"is_member_of_frames":[],"is_mutually_exclusive_with":[],"gridable":false},{"__meta":{"schema_version":3,"schema_name":"ModelParameterSchemaV3","schema_type":"Iced"},"name":"export_checkpoints_dir","label":"export_checkpoints_dir","help":"Automatically export generated models to this directory.","required":false,"type":"string","default_value":null,"actual_value":"","level":"secondary","values":[],"is_member_of_frames":[],"is_mutually_exclusive_with":[],"gridable":false},{"__meta":{"schema_version":3,"schema_name":"ModelParameterSchemaV3","schema_type":"Iced"},"name":"monotone_constraints","label":"monotone_constraints","help":"A mapping representing monotonic constraints. Use +1 to enforce an increasing constraint and -1 to specify a decreasing constraint.","required":false,"type":"KeyValue[]","default_value":null,"actual_value":null,"level":"secondary","values":[],"is_member_of_frames":[],"is_mutually_exclusive_with":[],"gridable":false},{"__meta":{"schema_version":3,"schema_name":"ModelParameterSchemaV3","schema_type":"Iced"},"name":"check_constant_response","label":"check_constant_response","help":"Check if response column is constant. If enabled, then an exception is thrown if the response column is a constant value.If disabled, then model will train regardless of the response column being a constant value or not.","required":false,"type":"boolean","default_value":true,"actual_value":true,"level":"expert","values":[],"is_member_of_frames":[],"is_mutually_exclusive_with":[],"gridable":false}],"output":{"__meta":{"schema_version":3,"schema_name":"GBMModelOutputV3","schema_type":"GBMOutput"},"names":["main_category","goal","country","launch_month","launch_dow","duration","state"],"column_types":["Enum","Numeric","Enum","Numeric","Numeric","Numeric","Enum"],"domains":[["Art","Comics","Crafts","Dance","Design","Fashion","Film & Video","Food","Games","Journalism","Music","Photography","Publishing","Technology","Theater"],null,["AT","AU","BE","CA","CH","DE","DK","ES","FR","GB","HK","IE","IT","JP","LU","MX","N,0\"","NL","NO","NZ","SE","SG","US"],null,null,null,["canceled","failed","live","successful","suspended","undefined"]],"cross_validation_models":null,"cross_validation_predictions":null,"cross_validation_holdout_predictions_frame_id":null,"cross_validation_fold_assignment_frame_id":null,"model_category":"Multinomial","model_summary":{"__meta":{"schema_version":3,"schema_name":"TwoDimTableV3","schema_type":"TwoDimTable"},"name":"Model Summary","description":"","columns":[{"__meta":{"schema_version":-1,"schema_name":"ColumnSpecsBase","schema_type":"Iced"},"name":"","type":"string","format":"%s","description":""},{"__meta":{"schema_version":-1,"schema_name":"ColumnSpecsBase","schema_type":"Iced"},"name":"number_of_trees","type":"long","format":"%d","description":"Number of Trees"},{"__meta":{"schema_version":-1,"schema_name":"ColumnSpecsBase","schema_type":"Iced"},"name":"number_of_internal_trees","type":"long","format":"%d","description":"Number of Internal Trees"},{"__meta":{"schema_version":-1,"schema_name":"ColumnSpecsBase","schema_type":"Iced"},"name":"model_size_in_bytes","type":"long","format":"%d","description":"Model Size in Bytes"},{"__meta":{"schema_version":-1,"schema_name":"ColumnSpecsBase","schema_type":"Iced"},"name":"min_depth","type":"long","format":"%d","description":"Min. Depth"},{"__meta":{"schema_version":-1,"schema_name":"ColumnSpecsBase","schema_type":"Iced"},"name":"max_depth","type":"long","format":"%d","description":"Max. Depth"},{"__meta":{"schema_version":-1,"schema_name":"ColumnSpecsBase","schema_type":"Iced"},"name":"mean_depth","type":"double","format":"%.5f","description":"Mean Depth"},{"__meta":{"schema_version":-1,"schema_name":"ColumnSpecsBase","schema_type":"Iced"},"name":"min_leaves","type":"long","format":"%d","description":"Min. Leaves"},{"__meta":{"schema_version":-1,"schema_name":"ColumnSpecsBase","schema_type":"Iced"},"name":"max_leaves","type":"long","format":"%d","description":"Max. Leaves"},{"__meta":{"schema_version":-1,"schema_name":"ColumnSpecsBase","schema_type":"Iced"},"name":"mean_leaves","type":"double","format":"%.5f","description":"Mean Leaves"}],"rowcount":1,"data":[[""],[75],[450],[178971],[5],[5],[4.9866667],[1],[32],[26.948889]]},"scoring_history":{"__meta":{"schema_version":3,"schema_name":"TwoDimTableV3","schema_type":"TwoDimTable"},"name":"Scoring History","description":"","columns":[{"__meta":{"schema_version":-1,"schema_name":"ColumnSpecsBase","schema_type":"Iced"},"name":"","type":"string","format":"%s","description":""},{"__meta":{"schema_version":-1,"schema_name":"ColumnSpecsBase","schema_type":"Iced"},"name":"timestamp","type":"string","format":"%s","description":"Timestamp"},{"__meta":{"schema_version":-1,"schema_name":"ColumnSpecsBase","schema_type":"Iced"},"name":"duration","type":"string","format":"%s","description":"Duration"},{"__meta":{"schema_version":-1,"schema_name":"ColumnSpecsBase","schema_type":"Iced"},"name":"number_of_trees","type":"long","format":"%d","description":"Number of Trees"},{"__meta":{"schema_version":-1,"schema_name":"ColumnSpecsBase","schema_type":"Iced"},"name":"training_rmse","type":"double","format":"%.5f","description":"Training RMSE"},{"__meta":{"schema_version":-1,"schema_name":"ColumnSpecsBase","schema_type":"Iced"},"name":"training_logloss","type":"double","format":"%.5f","description":"Training LogLoss"},{"__meta":{"schema_version":-1,"schema_name":"ColumnSpecsBase","schema_type":"Iced"},"name":"training_classification_error","type":"double","format":"%.5f","description":"Training Classification Error"},{"__meta":{"schema_version":-1,"schema_name":"ColumnSpecsBase","schema_type":"Iced"},"name":"training_custom","type":"double","format":"%.5f","description":"Training Custom"},{"__meta":{"schema_version":-1,"schema_name":"ColumnSpecsBase","schema_type":"Iced"},"name":"validation_rmse","type":"double","format":"%.5f","description":"Validation RMSE"},{"__meta":{"schema_version":-1,"schema_name":"ColumnSpecsBase","schema_type":"Iced"},"name":"validation_logloss","type":"double","format":"%.5f","description":"Validation LogLoss"},{"__meta":{"schema_version":-1,"schema_name":"ColumnSpecsBase","schema_type":"Iced"},"name":"validation_classification_error","type":"double","format":"%.5f","description":"Validation Classification Error"},{"__meta":{"schema_version":-1,"schema_name":"ColumnSpecsBase","schema_type":"Iced"},"name":"validation_custom","type":"double","format":"%.5f","description":"Validation Custom"}],"rowcount":76,"data":[["","","","","","","","","","","","","","","","","","","","","","","","","","","","","","","","","","","","","","","","","","","","","","","","","","","","","","","","","","","","","","","","","","","","","","","","","","","",""],["2020-03-31 21:19:37","2020-03-31 21:19:37","2020-03-31 21:19:37","2020-03-31 21:19:37","2020-03-31 21:19:37","2020-03-31 21:19:37","2020-03-31 21:19:37","2020-03-31 21:19:37","2020-03-31 21:19:37","2020-03-31 21:19:37","2020-03-31 21:19:37","2020-03-31 21:19:37","2020-03-31 21:19:37","2020-03-31 21:19:37","2020-03-31 21:19:37","2020-03-31 21:19:37","2020-03-31 21:19:37","2020-03-31 21:19:37","2020-03-31 21:19:37","2020-03-31 21:19:37","2020-03-31 21:19:37","2020-03-31 21:19:37","2020-03-31 21:19:37","2020-03-31 21:19:37","2020-03-31 21:19:38","2020-03-31 21:19:38","2020-03-31 21:19:38","2020-03-31 21:19:38","2020-03-31 21:19:38","2020-03-31 21:19:38","2020-03-31 21:19:38","2020-03-31 21:19:38","2020-03-31 21:19:38","2020-03-31 21:19:38","2020-03-31 21:19:38","2020-03-31 21:19:38","2020-03-31 21:19:38","2020-03-31 21:19:38","2020-03-31 21:19:38","2020-03-31 21:19:38","2020-03-31 21:19:38","2020-03-31 21:19:38","2020-03-31 21:19:38","2020-03-31 21:19:38","2020-03-31 21:19:38","2020-03-31 21:19:38","2020-03-31 21:19:38","2020-03-31 21:19:39","2020-03-31 21:19:39","2020-03-31 21:19:39","2020-03-31 21:19:39","2020-03-31 21:19:39","2020-03-31 21:19:39","2020-03-31 21:19:39","2020-03-31 21:19:39","2020-03-31 21:19:39","2020-03-31 21:19:39","2020-03-31 21:19:39","2020-03-31 21:19:39","2020-03-31 21:19:39","2020-03-31 21:19:39","2020-03-31 21:19:39","2020-03-31 21:19:39","2020-03-31 21:19:39","2020-03-31 21:19:39","2020-03-31 21:19:39","2020-03-31 21:19:39","2020-03-31 21:19:39","2020-03-31 21:19:39","2020-03-31 21:19:39","2020-03-31 21:19:40","2020-03-31 21:19:40","2020-03-31 21:19:40","2020-03-31 21:19:40","2020-03-31 21:19:40","2020-03-31 21:19:40"],["45.135 sec","45.166 sec","45.203 sec","45.240 sec","45.280 sec","45.319 sec","45.359 sec","45.402 sec","45.443 sec","45.483 sec","45.524 sec","45.565 sec","45.608 sec","45.649 sec","45.693 sec","45.733 sec","45.773 sec","45.815 sec","45.862 sec","45.905 sec","45.947 sec","45.990 sec","46.030 sec","46.074 sec","46.117 sec","46.157 sec","46.197 sec","46.235 sec","46.275 sec","46.314 sec","46.359 sec","46.408 sec","46.459 sec","46.512 sec","46.570 sec","46.620 sec","46.675 sec","46.721 sec","46.767 sec","46.815 sec","46.859 sec","46.899 sec","46.936 sec","46.974 sec","47.013 sec","47.051 sec","47.089 sec","47.127 sec","47.161 sec","47.197 sec","47.236 sec","47.277 sec","47.313 sec","47.351 sec","47.397 sec","47.448 sec","47.495 sec","47.538 sec","47.584 sec","47.629 sec","47.675 sec","47.727 sec","47.770 sec","47.811 sec","47.858 sec","47.899 sec","47.938 sec","47.977 sec","48.014 sec","48.061 sec","48.100 sec","48.137 sec","48.175 sec","48.210 sec","48.245 sec","48.347 sec"],[0,1,2,3,4,5,6,7,8,9,10,11,12,13,14,15,16,17,18,19,20,21,22,23,24,25,26,27,28,29,30,31,32,33,34,35,36,37,38,39,40,41,42,43,44,45,46,47,48,49,50,51,52,53,54,55,56,57,58,59,60,61,62,63,64,65,66,67,68,69,70,71,72,73,74,75],[0.8333333333333031,0.8038349981286951,0.7777429009241161,0.7536580860700497,0.7326943849955979,0.7144001702557117,0.6978053739147454,0.6834022438097916,0.6702147046233998,0.6589229709730455,0.6487891245515139,0.639543792039842,0.63165135155721,0.6244753732353544,0.6177413748228201,0.612166454485405,0.6070541697397017,0.6021648338376756,0.5979411946448392,0.5940552597954215,0.5906616358194252,0.5874320696417841,0.5845402383574438,0.5820861918527709,0.5796308738220428,0.5774505600865004,0.5754955991314128,0.5738130275373687,0.5722324377632573,0.5708190198036774,0.569385936869343,0.5681550631307897,0.5668736094813601,0.5657422869782532,0.5647501446504622,0.5637612038340972,0.5628823228142673,0.5619917682114953,0.5611733265664463,0.5602714000175048,0.5595047382634661,0.5587873419621288,0.5581345536064976,0.5574373628789897,0.5568693477672966,0.5561959980216378,0.5556621568881532,0.555277990306965,0.5548316590752785,0.5543668600191033,0.5539287813427216,0.5536186354876509,0.5532010924141166,0.5527773878116772,0.5524028989751898,0.5520828275779283,0.5517489975327815,0.551370480425457,0.5510219943380072,0.5506584326254418,0.5503096491236436,0.5499839212275308,0.5497047895768628,0.5494642165904782,0.5491373894707319,0.5488275135681548,0.5484384152065496,0.5482475645416359,0.5479572534203706,0.5477182242561078,0.5473730575376992,0.5471070493847795,0.546878556980213,0.5466060173223954,0.5464019969578099,0.5461785030771794],[1.7917594692280547,1.6325441287195102,1.513393540940895,1.4179840002190902,1.3431983247106125,1.2822868300957562,1.2309182824764349,1.1882644881355322,1.1513597906879554,1.1206135368626386,1.0945001404970587,1.0712249253156538,1.051193825093909,1.0332353000896972,1.0166244263115507,1.003182762548616,0.9909590803520311,0.9792756755973796,0.9691514821067054,0.9601384626289501,0.9519930096507617,0.9445118582552503,0.9379377245968495,0.9321704112530446,0.9266769394131488,0.9215318949611921,0.9171365978531779,0.9130941310198039,0.9091151732147719,0.905702658810117,0.9022105666603796,0.8992497595663045,0.8959889060683727,0.8930620443111383,0.8908505005878974,0.8882280980457632,0.8860257161073196,0.8836214445429152,0.8818336889778062,0.8794184238656813,0.8774912181572911,0.8757170568124063,0.8738814955136991,0.871987385735176,0.8705653399640559,0.8688249406161296,0.8673448911919267,0.8663796805380879,0.8652631761634573,0.8636995849161261,0.862497381344784,0.8617132395619054,0.8602965561671061,0.8591095747303418,0.8580346912549468,0.8571728934048903,0.8562150819770881,0.8552793453004668,0.8542095996076905,0.8534106160871685,0.8523260966364367,0.8514458405877172,0.8506986820431661,0.8496634764525688,0.8485882836551344,0.8477874455586205,0.8468137568437304,0.8462337317430035,0.8452455398748329,0.8446860704152518,0.8438227496276349,0.8430909990749443,0.842450995148759,0.8416325817632638,0.8410117770319874,0.8403904004283832],[0.5988385420646443,0.452280889432261,0.4175135630778635,0.41789562160923055,0.41911820890960494,0.4172461221059066,0.41732253381218004,0.4133109192328265,0.41262321387636586,0.4101016275693436,0.41075112707266753,0.40998701000993354,0.4083441583250554,0.4075800412623214,0.40635745396194695,0.40578436616489644,0.40574616031175975,0.40524948422098267,0.40490563154275233,0.40395048521433485,0.4039122793611981,0.40307175059219075,0.40226942767632,0.4019637808512264,0.40177275158554293,0.4011996637884924,0.4007029876977153,0.4000534881943914,0.39925116527852067,0.3987544891877436,0.39829601895010314,0.39779934285932605,0.39768472529991594,0.3973026667685489,0.39688240238404526,0.39692060823718195,0.39646213799954155,0.39619469702758464,0.39577443264308093,0.39516313899289374,0.39474287460839,0.3945900511958432,0.3939405516925193,0.3931764346297853,0.3927943760984183,0.39256514097959805,0.39283258195155496,0.39222128830136777,0.39222128830136777,0.39138075953236034,0.39126614197295023,0.39118973026667686,0.39096049514785663,0.39019637808512264,0.39015817223198596,0.38916482005043174,0.3889355849316115,0.3890502024910216,0.38916482005043174,0.38901199663788494,0.38855352640024454,0.3884007029876977,0.3880568503094674,0.3874455566592802,0.3874455566592802,0.3874455566592802,0.3867960571559563,0.386452204477726,0.3861847635057691,0.38561167570871857,0.3855352640024452,0.3854206464430351,0.3850003820585314,0.38461832352716435,0.38442729426148087,0.38415985328952396],["NaN","NaN","NaN","NaN","NaN","NaN","NaN","NaN","NaN","NaN","NaN","NaN","NaN","NaN","NaN","NaN","NaN","NaN","NaN","NaN","NaN","NaN","NaN","NaN","NaN","NaN","NaN","NaN","NaN","NaN","NaN","NaN","NaN","NaN","NaN","NaN","NaN","NaN","NaN","NaN","NaN","NaN","NaN","NaN","NaN","NaN","NaN","NaN","NaN","NaN","NaN","NaN","NaN","NaN","NaN","NaN","NaN","NaN","NaN","NaN","NaN","NaN","NaN","NaN","NaN","NaN","NaN","NaN","NaN","NaN","NaN","NaN","NaN","NaN","NaN","NaN"],[0.833333333333284,0.8043708831743194,0.7787731101457215,0.7551939453618128,0.7348188660762206,0.7169472648821995,0.7010329368791907,0.6869509587552929,0.6743421300222745,0.6633769244875494,0.6536155236395349,0.6447560118827649,0.6371473222956698,0.6303371917322316,0.6239966302456412,0.618629202524987,0.6138996912240932,0.6093721589767723,0.6055353945544933,0.6020033184822112,0.5989059878602483,0.595985201753578,0.593388726701226,0.591253347598072,0.5889943896312686,0.5871421594929774,0.585360699547772,0.5839219539912082,0.5825750595038584,0.5814522452886467,0.5803168715086598,0.5792542403489354,0.5782457092216415,0.5774114888609538,0.576573685406954,0.575795551365958,0.5751017244641499,0.5744570717485055,0.5739221322568391,0.5733363398400708,0.5728563054794455,0.5724002902366637,0.5720703185204336,0.571736938111733,0.5714428629321835,0.571071550067061,0.5708245388016887,0.5705881948671553,0.5703901747240128,0.5702191535160359,0.5700566505381367,0.5699382197344782,0.5698518315516967,0.5696527549536773,0.5695285062194991,0.5694159927431841,0.5693203508081801,0.5692048053822218,0.5690951551760485,0.5689226501744102,0.568900269360633,0.5687648604988639,0.5686360754804666,0.5686051864365573,0.5685241495663057,0.5684414008063958,0.5683232417935667,0.5682907938201209,0.5682581291082849,0.5681775076260916,0.5680774964877409,0.5680065843932222,0.5679519608812679,0.5679655016714796,0.567907046960307,0.5678758054088521],[1.7917594692280547,1.6353871964076752,1.5184083652074185,1.4248864618170431,1.3521359380631088,1.2926356920210047,1.2435484855874583,1.201878138258582,1.1668269194572682,1.1370964267852297,1.1120653046302658,1.089901446464613,1.0707422170216188,1.0539889409496306,1.0386589700485012,1.0259429899861927,1.0147803317370347,1.0043070076873648,0.9955169970611467,0.9876014227511357,0.9805686131213553,0.974082514690985,0.9685822776421752,0.963765610557737,0.9590583945568275,0.9550872180178119,0.9513197096980578,0.9480710409447485,0.9450229412912071,0.942543746159464,0.9401214257484783,0.9377744876024814,0.9355600487569311,0.9337137148409695,0.9319794816188199,0.9304014314107062,0.9289550081095977,0.9275842356796052,0.9267424068700573,0.9254585959283116,0.9246834028950047,0.9237997111516066,0.9231772386011191,0.9226648029453244,0.9223144227114337,0.9216657732712479,0.9212666395081361,0.9209612727418303,0.92072778101161,0.9203337339214256,0.9200814376780212,0.9199997643960272,0.9198677603539251,0.919541350766303,0.9194315586862846,0.9194196557725397,0.9193839385607574,0.9194540396140614,0.919276439996174,0.9191422609988925,0.9192055499320011,0.9190842759718968,0.918964722495306,0.9188602569026729,0.9188694449817892,0.9188908645372774,0.9189189299767032,0.9189740100298491,0.9190183744262855,0.9189482218030144,0.9190618755736832,0.9190613417600901,0.919102025681383,0.9194056171411275,0.9195507064126436,0.9197498950119755],[0.5973260820303649,0.45728529345116703,0.43009290731928396,0.42816677996827557,0.4306594153636982,0.4276002719238613,0.42963970088375253,0.4265805574439157,0.42669385905279855,0.4254475413550872,0.42556084296397007,0.4254475413550872,0.4238613188307274,0.4243145252662588,0.42352141400407883,0.42420122365737595,0.4237480172218446,0.4228416043507818,0.4245411284840245,0.4231815091774303,0.42420122365737595,0.42272830274189893,0.423408112395196,0.4223883979152504,0.4214819850441876,0.42114208021753907,0.4218218898708362,0.4212553818264219,0.4214819850441876,0.4220484930886019,0.4214819850441876,0.42000906412871064,0.41944255608429637,0.41944255608429637,0.42080217539089054,0.4206888737820077,0.42102877860865623,0.42080217539089054,0.42102877860865623,0.42034896895535917,0.4209154769997734,0.42114208021753907,0.42114208021753907,0.420462270564242,0.42114208021753907,0.4209154769997734,0.4215952866530705,0.42114208021753907,0.4218218898708362,0.4218218898708362,0.42136868343530476,0.4221617946974847,0.4212553818264219,0.4209154769997734,0.420462270564242,0.420462270564242,0.420462270564242,0.4201223657375935,0.4198957625198278,0.41978246091094495,0.42034896895535917,0.42057557217312486,0.4209154769997734,0.4202356673464763,0.4193292544754135,0.42034896895535917,0.41944255608429637,0.42034896895535917,0.4201223657375935,0.4201223657375935,0.41944255608429637,0.41944255608429637,0.4187627464309993,0.4187627464309993,0.4185361432132336,0.4181962383865851],["NaN","NaN","NaN","NaN","NaN","NaN","NaN","NaN","NaN","NaN","NaN","NaN","NaN","NaN","NaN","NaN","NaN","NaN","NaN","NaN","NaN","NaN","NaN","NaN","NaN","NaN","NaN","NaN","NaN","NaN","NaN","NaN","NaN","NaN","NaN","NaN","NaN","NaN","NaN","NaN","NaN","NaN","NaN","NaN","NaN","NaN","NaN","NaN","NaN","NaN","NaN","NaN","NaN","NaN","NaN","NaN","NaN","NaN","NaN","NaN","NaN","NaN","NaN","NaN","NaN","NaN","NaN","NaN","NaN","NaN","NaN","NaN","NaN","NaN","NaN","NaN"]]},"training_metrics":{"__meta":{"schema_version":3,"schema_name":"ModelMetricsMultinomialV3","schema_type":"ModelMetricsMultinomial"},"model":{"__meta":{"schema_version":3,"schema_name":"ModelKeyV3","schema_type":"Key<Model>"},"name":"grid-ba7754d4-6682-4d3b-9283-846b4ea90764_model_17","type":"Key<Model>","URL":"/3/Models/grid-ba7754d4-6682-4d3b-9283-846b4ea90764_model_17"},"model_checksum":6273443811483532650,"frame":{"__meta":{"schema_version":3,"schema_name":"FrameKeyV3","schema_type":"Key<Frame>"},"name":"frame_0.750","type":"Key<Frame>","URL":"/3/Frames/frame_0.750"},"frame_checksum":-4677671552263247624,"description":null,"model_category":"Multinomial","scoring_time":1585707580262,"predictions":null,"MSE":0.2983109572236285,"RMSE":0.5461785030771794,"nobs":26174,"custom_metric_name":null,"custom_metric_value":0.0,"r2":0.7663646278557865,"hit_ratio_table":{"__meta":{"schema_version":3,"schema_name":"TwoDimTableV3","schema_type":"TwoDimTable"},"name":"Top-6 Hit Ratios","description":"","columns":[{"__meta":{"schema_version":-1,"schema_name":"ColumnSpecsBase","schema_type":"Iced"},"name":"k","type":"string","format":"%s","description":"K"},{"__meta":{"schema_version":-1,"schema_name":"ColumnSpecsBase","schema_type":"Iced"},"name":"hit_ratio","type":"float","format":"%f","description":"Hit Ratio"}],"rowcount":6,"data":[["1","2","3","4","5","6"],[0.61584014,0.91017807,0.99339044,0.99988544,1.0,1.0]]},"cm":{"__meta":{"schema_version":3,"schema_name":"ConfusionMatrixV3","schema_type":"ConfusionMatrix"},"table":{"__meta":{"schema_version":3,"schema_name":"TwoDimTableV3","schema_type":"TwoDimTable"},"name":"Confusion Matrix","description":"Row labels: Actual class; Column labels: Predicted class","columns":[{"__meta":{"schema_version":-1,"schema_name":"ColumnSpecsBase","schema_type":"Iced"},"name":"canceled","type":"long","format":"%d","description":"canceled"},{"__meta":{"schema_version":-1,"schema_name":"ColumnSpecsBase","schema_type":"Iced"},"name":"failed","type":"long","format":"%d","description":"failed"},{"__meta":{"schema_version":-1,"schema_name":"ColumnSpecsBase","schema_type":"Iced"},"name":"live","type":"long","format":"%d","description":"live"},{"__meta":{"schema_version":-1,"schema_name":"ColumnSpecsBase","schema_type":"Iced"},"name":"successful","type":"long","format":"%d","description":"successful"},{"__meta":{"schema_version":-1,"schema_name":"ColumnSpecsBase","schema_type":"Iced"},"name":"suspended","type":"long","format":"%d","description":"suspended"},{"__meta":{"schema_version":-1,"schema_name":"ColumnSpecsBase","schema_type":"Iced"},"name":"undefined","type":"long","format":"%d","description":"undefined"},{"__meta":{"schema_version":-1,"schema_name":"ColumnSpecsBase","schema_type":"Iced"},"name":"Error","type":"double","format":"%.4f","description":"Error"},{"__meta":{"schema_version":-1,"schema_name":"ColumnSpecsBase","schema_type":"Iced"},"name":"Rate","type":"string","format":"= %15s","description":"Rate"}],"rowcount":7,"data":[[74,2,0,2,0,0,78],[2045,11006,140,4663,81,0,17935],[1,3,46,1,0,0,51],[491,2567,23,4732,26,1,7840],[0,0,0,0,18,0,18],[0,2,0,7,0,243,252],[0.9716583684412102,0.18954344624447717,0.7799043062200957,0.49686337054758106,0.856,0.004098360655737705,0.38415985328952396],["2,537 / 2,611","2,574 / 13,580","163 / 209","4,673 / 9,405","107 / 125","1 / 244","10,055 / 26,174"]]}},"logloss":0.8403904004283832,"mean_per_class_error":0.549677975351517},"validation_metrics":{"__meta":{"schema_version":3,"schema_name":"ModelMetricsMultinomialV3","schema_type":"ModelMetricsMultinomial"},"model":{"__meta":{"schema_version":3,"schema_name":"ModelKeyV3","schema_type":"Key<Model>"},"name":"grid-ba7754d4-6682-4d3b-9283-846b4ea90764_model_17","type":"Key<Model>","URL":"/3/Models/grid-ba7754d4-6682-4d3b-9283-846b4ea90764_model_17"},"model_checksum":6273443811483532650,"frame":{"__meta":{"schema_version":3,"schema_name":"FrameKeyV3","schema_type":"Key<Frame>"},"name":"frame_0.250","type":"Key<Frame>","URL":"/3/Frames/frame_0.250"},"frame_checksum":-2868949906404586384,"description":null,"model_category":"Multinomial","scoring_time":1585707580309,"predictions":null,"MSE":0.3224829303687524,"RMSE":0.5678758054088521,"nobs":8826,"custom_metric_name":null,"custom_metric_value":0.0,"r2":0.7451705049395064,"hit_ratio_table":{"__meta":{"schema_version":3,"schema_name":"TwoDimTableV3","schema_type":"TwoDimTable"},"name":"Top-6 Hit Ratios","description":"","columns":[{"__meta":{"schema_version":-1,"schema_name":"ColumnSpecsBase","schema_type":"Iced"},"name":"k","type":"string","format":"%s","description":"K"},{"__meta":{"schema_version":-1,"schema_name":"ColumnSpecsBase","schema_type":"Iced"},"name":"hit_ratio","type":"float","format":"%f","description":"Hit Ratio"}],"rowcount":6,"data":[["1","2","3","4","5","6"],[0.58180374,0.89021075,0.9896896,0.99898034,1.0,1.0]]},"cm":{"__meta":{"schema_version":3,"schema_name":"ConfusionMatrixV3","schema_type":"ConfusionMatrix"},"table":{"__meta":{"schema_version":3,"schema_name":"TwoDimTableV3","schema_type":"TwoDimTable"},"name":"Confusion Matrix","description":"Row labels: Actual class; Column labels: Predicted class","columns":[{"__meta":{"schema_version":-1,"schema_name":"ColumnSpecsBase","schema_type":"Iced"},"name":"canceled","type":"long","format":"%d","description":"canceled"},{"__meta":{"schema_version":-1,"schema_name":"ColumnSpecsBase","schema_type":"Iced"},"name":"failed","type":"long","format":"%d","description":"failed"},{"__meta":{"schema_version":-1,"schema_name":"ColumnSpecsBase","schema_type":"Iced"},"name":"live","type":"long","format":"%d","description":"live"},{"__meta":{"schema_version":-1,"schema_name":"ColumnSpecsBase","schema_type":"Iced"},"name":"successful","type":"long","format":"%d","description":"successful"},{"__meta":{"schema_version":-1,"schema_name":"ColumnSpecsBase","schema_type":"Iced"},"name":"suspended","type":"long","format":"%d","description":"suspended"},{"__meta":{"schema_version":-1,"schema_name":"ColumnSpecsBase","schema_type":"Iced"},"name":"undefined","type":"long","format":"%d","description":"undefined"},{"__meta":{"schema_version":-1,"schema_name":"ColumnSpecsBase","schema_type":"Iced"},"name":"Error","type":"double","format":"%.4f","description":"Error"},{"__meta":{"schema_version":-1,"schema_name":"ColumnSpecsBase","schema_type":"Iced"},"name":"Rate","type":"string","format":"= %13s","description":"Rate"}],"rowcount":7,"data":[[4,9,0,4,0,0,17],[756,3629,50,1662,28,0,6125],[2,7,2,3,0,0,14],[170,977,7,1427,9,0,2590],[0,0,0,0,0,0,0],[0,5,0,2,0,73,80],[0.9957081545064378,0.21569051221093583,0.9661016949152542,0.539380245319561,1.0,0.0,0.4181962383865851],["928 / 932","998 / 4,627","57 / 59","1,671 / 3,098","37 / 37","0 / 73","3,691 / 8,826"]]}},"logloss":0.9197498950119755,"mean_per_class_error":0.6194801011586982},"cross_validation_metrics":null,"cross_validation_metrics_summary":null,"status":null,"start_time":1585707577045,"end_time":1585707580312,"run_time":3267,"help":{"validation_metrics":"Validation data model metrics", "cross_validation_metrics_summary":"Cross-validation model metrics summary", "run_time":"Runtime in milliseconds", "status":"Job status", "domains":"Domains for categorical columns", "model_category":"Category of the model (e.g., Binomial)", "__meta":"Metadata on this schema instance, to make it self-describing.", "variable_importances":"Variable Importances", "model_summary":"Model summary", "scoring_history":"Scoring history", "help":"Help information for output fields", "end_time":"End time in milliseconds", "names":"Column names", "column_types":"Column types", "cross_validation_fold_assignment_frame_id":"Cross-validation fold assignment (each row is assigned to one holdout fold)", "start_time":"Start time in milliseconds", "training_metrics":"Training data model metrics", "cross_validation_models":"Cross-validation models (model ids)", "cross_validation_metrics":"Cross-validation model metrics", "cross_validation_predictions":"Cross-validation predictions, one per cv model (deprecated, use cross_validation_holdout_predictions_frame_id instead)", "init_f":"The Intercept term, the initial model function value to which trees make adjustments", "cross_validation_holdout_predictions_frame_id":"Cross-validation holdout predictions (full out-of-sample predictions on training data)"},"variable_importances":{"__meta":{"schema_version":3,"schema_name":"TwoDimTableV3","schema_type":"TwoDimTable"},"name":"Variable Importances","description":"","columns":[{"__meta":{"schema_version":-1,"schema_name":"ColumnSpecsBase","schema_type":"Iced"},"name":"variable","type":"string","format":"%s","description":"Variable"},{"__meta":{"schema_version":-1,"schema_name":"ColumnSpecsBase","schema_type":"Iced"},"name":"relative_importance","type":"double","format":"%5f","description":"Relative Importance"},{"__meta":{"schema_version":-1,"schema_name":"ColumnSpecsBase","schema_type":"Iced"},"name":"scaled_importance","type":"double","format":"%5f","description":"Scaled Importance"},{"__meta":{"schema_version":-1,"schema_name":"ColumnSpecsBase","schema_type":"Iced"},"name":"percentage","type":"double","format":"%5f","description":"Percentage"}],"rowcount":6,"data":[["country","main_category","goal","duration","launch_month","launch_dow"],[2518.64404296875,2377.59033203125,1831.1927490234375,1430.8326416015625,639.044677734375,366.31182861328125],[1.0,0.9439961707446207,0.7270550017321991,0.5680964110811889,0.25372568208611446,0.14544009489388027],[0.27485263112469466,0.25945983130079553,0.19983298019846435,0.1561427933181609,0.06973717130527636,0.03997459275260826]]},"init_f":0.0},"compatible_frames":null}
